GROUP,PACKAGE,CLASS,INSTRUCTION_MISSED,INSTRUCTION_COVERED,BRANCH_MISSED,BRANCH_COVERED,LINE_MISSED,LINE_COVERED,COMPLEXITY_MISSED,COMPLEXITY_COVERED,METHOD_MISSED,METHOD_COVERED
core.wds_object,info.smart_tools.smartactors.core.wds_object,WDSObject,0,180,2,12,0,40,2,13,0,8
core.wds_object,info.smart_tools.smartactors.core.wds_object,WDSObjectField.new IFunction() {...},0,72,0,0,0,11,0,2,0,2
core.wds_object,info.smart_tools.smartactors.core.wds_object,WDSObjectField.new IFunction() {...},0,26,0,0,0,4,0,2,0,2
core.wds_object,info.smart_tools.smartactors.core.wds_object,WDSObjectField.new IFunction() {...},0,26,0,0,0,5,0,2,0,2
core.wds_object,info.smart_tools.smartactors.core.wds_object,WDSObjectField.new IFunction() {...},0,9,0,0,0,2,0,2,0,2
core.wds_object,info.smart_tools.smartactors.core.wds_object,WDSObjectField.new IFunction() {...},0,13,0,0,0,2,0,2,0,2
core.wds_object,info.smart_tools.smartactors.core.wds_object,WDSObjectField.new IFunction() {...},0,21,0,0,0,4,0,2,0,2
core.wds_object,info.smart_tools.smartactors.core.wds_object,Arg,0,21,0,0,0,8,0,4,0,4
core.wds_object,info.smart_tools.smartactors.core.wds_object,WDSObjectField,0,507,0,30,0,94,0,25,0,10
core.wds_object,info.smart_tools.smartactors.core.wds_object,StrategyAndArgs,0,27,0,0,0,10,0,5,0,5
